{
  "OLS": {
    "RMSE": 0.06995771622539178,
    "MAE": 0.056859007793191,
    "MAPE": 19.80188220842763,
    "R2": 0.9111290503148095
  },
  "ANN": {
    "RMSE": 0.0702298793014123,
    "MAE": 0.05683567346096666,
    "MAPE": 19.044740962656643,
    "R2": 0.910436219228186
  },
  "N_test": 2001,
  "stat_tests": {
    "paired_t": {
      "t_stat": -0.09025117475196076,
      "p_value": 0.9280966557634105
    },
    "wilcoxon": {
      "stat": 984727.0,
      "p_value": 0.5163999590715849
    }
  },
  "bootstrap_rmse_diff": {
    "ci_2.5%": -0.0002479642274788935,
    "ci_97.5%": 0.0008163161588393173,
    "mean_diff": 0.0002719346667125018
  }
}